{
    "roc_auc": 0.8544335533126294,
    "pr_auc": 0.8777637509873045,
    "accuracy": 0.826,
    "precision": 0.8743169398907104,
    "recall": 0.7142857142857143,
    "f1": 0.7862407862407863,
    "brier_score": 0.13486935004933553,
    "best_threshold": 0.48999999999999994,
    "best_f1": 0.7877300613496933,
    "lift_at_10pct": 2.232142857142857,
    "top_10pct_churn_rate": 1.0,
    "lift_at_20pct": 2.1875,
    "top_20pct_churn_rate": 0.98
}