{
    "roc_auc": 0.857903079710145,
    "pr_auc": 0.8796132634133202,
    "accuracy": 0.828,
    "precision": 0.8812154696132597,
    "recall": 0.7120535714285714,
    "f1": 0.7876543209876543,
    "brier_score": 0.13318279385566711,
    "best_threshold": 0.49499999999999994,
    "best_f1": 0.7891491985203453,
    "lift_at_10pct": 2.232142857142857,
    "top_10pct_churn_rate": 1.0,
    "lift_at_20pct": 2.1875,
    "top_20pct_churn_rate": 0.98
}