{
    "roc_auc": 0.8679598537784681,
    "pr_auc": 0.8956770660227406,
    "accuracy": 0.858,
    "precision": 0.9157608695652174,
    "recall": 0.7522321428571429,
    "f1": 0.8259803921568628,
    "brier_score": 0.12039567601192763,
    "best_threshold": 0.5499999999999999,
    "best_f1": 0.8275,
    "lift_at_10pct": 2.232142857142857,
    "top_10pct_churn_rate": 1.0,
    "lift_at_20pct": 2.220982142857143,
    "top_20pct_churn_rate": 0.995
}